{"package": {"All_Weights": {"Bias_Weight": 492.81331116421853, "Categorical_Variables": {}, "Numerical_Variables": {"kubelet_cpu_usage": {"mean": 7.027426160337554, "variance": 103.57941658210046, "weight": 124.12345452953899}, "kubelet_memory_bytes": {"mean": 417264.87763713085, "variance": 2011494867164.6638, "weight": -3.391471763118659}}}}, "core": {"All_Weights": {"Bias_Weight": 0.0, "Categorical_Variables": {}, "Numerical_Variables": {"kubelet_cpu_usage": {"mean": 7.027426160337554, "variance": 103.57941658210046, "weight": 0.0}, "kubelet_memory_bytes": {"mean": 417264.87763713085, "variance": 2011494867164.6638, "weight": 0.0}}}}, "uncore": {"All_Weights": {"Bias_Weight": 0.0, "Categorical_Variables": {}, "Numerical_Variables": {"kubelet_cpu_usage": {"mean": 7.027426160337554, "variance": 103.57941658210046, "weight": 0.0}, "kubelet_memory_bytes": {"mean": 417264.87763713085, "variance": 2011494867164.6638, "weight": 0.0}}}}, "dram": {"All_Weights": {"Bias_Weight": 156.99352379329756, "Categorical_Variables": {}, "Numerical_Variables": {"kubelet_cpu_usage": {"mean": 7.027426160337554, "variance": 103.57941658210046, "weight": 1.4704234784754728}, "kubelet_memory_bytes": {"mean": 417264.87763713085, "variance": 2011494867164.6638, "weight": -0.48026078149576334}}}}}