{"platform": {"All_Weights": {"Bias_Weight": 204.6670758834315, "Categorical_Variables": {}, "Numerical_Variables": {"bpf_cpu_time_us": {"mean": 5608.400902868793, "variance": 29661131.240907874, "weight": 120.84768898049641}}}}}