{"platform": {"All_Weights": {"Bias_Weight": 675.0225578776575, "Categorical_Variables": {}, "Numerical_Variables": {"bpf_cpu_time_us": {"mean": 5608.400902868793, "variance": 29661131.240907874, "weight": 121.40983831390102}}}}}