{"platform": {"All_Weights": {"Bias_Weight": 3427.8961151990857, "Categorical_Variables": {}, "Numerical_Variables": {"kubelet_cpu_usage": {"mean": 0.3086623354989186, "variance": 0.11882551366884181, "weight": 141.0349581850243}, "kubelet_memory_bytes": {"mean": 274579.5528902216, "variance": 2763989623111.006, "weight": 4.932254845439169}}}}}