{"package": {"All_Weights": {"Bias_Weight": 167.79243025598456, "Categorical_Variables": {}, "Numerical_Variables": {"bpf_cpu_time_us": {"mean": 5608.400902868793, "variance": 29661131.240907874, "weight": 97.78841274089062}}}}, "core": {"All_Weights": {"Bias_Weight": 0.0, "Categorical_Variables": {}, "Numerical_Variables": {"bpf_cpu_time_us": {"mean": 5608.400902868793, "variance": 29661131.240907874, "weight": 0.0}}}}, "uncore": {"All_Weights": {"Bias_Weight": 0.0, "Categorical_Variables": {}, "Numerical_Variables": {"bpf_cpu_time_us": {"mean": 5608.400902868793, "variance": 29661131.240907874, "weight": 0.0}}}}, "dram": {"All_Weights": {"Bias_Weight": 78.34831096176026, "Categorical_Variables": {}, "Numerical_Variables": {"bpf_cpu_time_us": {"mean": 5608.400902868793, "variance": 29661131.240907874, "weight": 9.779342504001711}}}}}