{"package": {"All_Weights": {"Bias_Weight": 140.8809244744518, "Categorical_Variables": {}, "Numerical_Variables": {"kubelet_cpu_usage": {"mean": 7.027426160337554, "variance": 103.57941658210045, "weight": 124.69008698216625}, "kubelet_memory_bytes": {"mean": 417264.87763713085, "variance": 2011494867164.6638, "weight": -2.582378633216328}}}}, "core": {"All_Weights": {"Bias_Weight": 0.0, "Categorical_Variables": {}, "Numerical_Variables": {"kubelet_cpu_usage": {"mean": 7.027426160337554, "variance": 103.57941658210045, "weight": 0.0}, "kubelet_memory_bytes": {"mean": 417264.87763713085, "variance": 2011494867164.6638, "weight": 0.0}}}}, "uncore": {"All_Weights": {"Bias_Weight": 0.0, "Categorical_Variables": {}, "Numerical_Variables": {"kubelet_cpu_usage": {"mean": 7.027426160337554, "variance": 103.57941658210045, "weight": 0.0}, "kubelet_memory_bytes": {"mean": 417264.87763713085, "variance": 2011494867164.6638, "weight": 0.0}}}}, "dram": {"All_Weights": {"Bias_Weight": 2.6353736295072387, "Categorical_Variables": {}, "Numerical_Variables": {"kubelet_cpu_usage": {"mean": 7.027426160337554, "variance": 103.57941658210045, "weight": 1.33012561695696}, "kubelet_memory_bytes": {"mean": 417264.87763713085, "variance": 2011494867164.6638, "weight": 0.16372489537216126}}}}}