{"package": {"All_Weights": {"Bias_Weight": 219.02968407422296, "Categorical_Variables": {}, "Numerical_Variables": {"bpf_cpu_time_us": {"mean": 5608.400902868793, "variance": 29661131.240907874, "weight": 96.90021588844634}}}}, "core": {"All_Weights": {"Bias_Weight": 0.0, "Categorical_Variables": {}, "Numerical_Variables": {"bpf_cpu_time_us": {"mean": 5608.400902868793, "variance": 29661131.240907874, "weight": 0.0}}}}, "uncore": {"All_Weights": {"Bias_Weight": 0.0, "Categorical_Variables": {}, "Numerical_Variables": {"bpf_cpu_time_us": {"mean": 5608.400902868793, "variance": 29661131.240907874, "weight": 0.0}}}}, "dram": {"All_Weights": {"Bias_Weight": 150.53779097819103, "Categorical_Variables": {}, "Numerical_Variables": {"bpf_cpu_time_us": {"mean": 5608.400902868793, "variance": 29661131.240907874, "weight": 9.858078902493753}}}}}