{"ntrain": 1949, "features": ["CPU_TIME"], "mae": 3.1361355781555176, "mse": 25.601961135864258}